"month","revenue","previous_month_revenue","pct_change"
"2016-09","252.24","null","null"
"2016-10","59090.48","252.24","23326.29241991754"
"2016-12","19.62","59090.48","-99.96679668196975"
"2017-01","138488.04","19.62","705751.376146789"
"2017-02","291908.01","138488.04","110.78210797120099"
"2017-03","449863.6","291908.01","54.11142708965059"
"2017-04","417788.03","449863.6","-7.1300656465648595"
"2017-05","592918.82","417788.03","41.91857531198295"
"2017-06","511276.38","592918.82","-13.769581474914213"
"2017-07","592382.92","511276.38","15.86354135898084"
"2017-08","674396.32","592382.92","13.844659802142829"
"2017-09","727762.45","674396.32","7.913170404014068"
"2017-10","779677.88","727762.45","7.1335681031633404"
"2017-11","1194882.8","779677.88","53.25339228554233"
"2017-12","878401.48","1194882.8","-26.486390129642846"
"2018-01","1115004.18","878401.48","26.935598970074594"
"2018-02","992463.34","1115004.18","-10.990168664659175"
"2018-03","1159652.12","992463.34","16.84583936369883"
"2018-04","1160785.48","1159652.12","0.09773275799296338"
"2018-05","1153982.15","1160785.48","-0.5860970969416395"
"2018-06","1023880.5","1153982.15","-11.274147524725569"
"2018-07","1066540.75","1023880.5","4.166526269423043"
"2018-08","1022425.32","1066540.75","-4.136309840950761"
"2018-09","4439.54","1022425.32","-99.56578344519089"
"2018-10","589.67","4439.54","-86.71776805705096"
